<?xml version="1.0" encoding="UTF-8"?>
<project-private xmlns="http://www.netbeans.org/ns/project-private/1">
    <editor-bookmarks xmlns="http://www.netbeans.org/ns/editor-bookmarks/2" lastBookmarkId="0"/>
    <open-files xmlns="http://www.netbeans.org/ns/projectui-open-files/2">
        <group>
            <file>file:/C:/Users/Laura%20Sabillon/OneDrive/Documents/NetBeansProjects/ANOTHER_UPDATE_COPY/src/segundo_proyect/USUARIO.java</file>
            <file>file:/C:/Users/Laura%20Sabillon/OneDrive/Documents/NetBeansProjects/ANOTHER_UPDATE_COPY/src/segundo_proyect/users.java</file>
            <file>file:/C:/Users/Laura%20Sabillon/OneDrive/Documents/NetBeansProjects/ANOTHER_UPDATE_COPY/src/segundo_proyect/Tweets.java</file>
            <file>file:/C:/Users/Laura%20Sabillon/OneDrive/Documents/NetBeansProjects/ANOTHER_UPDATE_COPY/src/segundo_proyect/Tweet_Manager.java</file>
        </group>
    </open-files>
</project-private>
